"Crawl Depth","URL"
8,https://localhost:44340/media/1221/soft-50.jpg?width=377&height=208
8,https://localhost:44340/working-at-tpr/newsroom/news-and-events/horizon-your-weekly-round-up-of-media-government-and-stakeholder-activity-16122016/
8,https://localhost:44340/media/7726/rpnadded.png?width=601&height=186
8,https://localhost:44340/working-at-tpr/newsroom/news-and-events/five-minutes-withjenan-hasan/
8,https://localhost:44340/working-at-tpr/newsroom/news-and-events/cyber-security-threats-advice-action/
8,https://localhost:44340/working-at-tpr/newsroom/news-and-events/would-you-like-to-help-run-the-managers-network/
8,https://localhost:44340/media/7758/katy.png?width=271&height=267&mode=max
8,https://localhost:44340/media/1940/burrell-matthew-2017-web-op.jpg?width=230&height=230
8,https://localhost:44340/media/1904/tweet-of-the-week-8-sept-17-2.jpg?width=380&height=260
8,https://localhost:44340/working-at-tpr/newsroom/news-and-events/horizon-your-weekly-roundup-of-media-government-and-stakeholder-activity-060320/
8,https://localhost:44340/media/1663/20170602_134827-2.jpg?width=281.25&height=500
8,https://localhost:44340/working-at-tpr/newsroom/news-and-events/we-re-conducting-an-it-audit-in-march-and-april-here-s-what-you-need-to-do-to-prepare/
8,https://localhost:44340/teams/frontline-regulation/regulatory-transactions-operations/rtt/creating-bundles-quick-guide/
8,https://localhost:44340/working-at-tpr/newsroom/news-and-events/apprenticeship-week-myth-busting-quiz/
8,https://localhost:44340/working-at-tpr/newsroom/news-and-events/save-the-date-conference-season-is-coming-soon/
8,https://localhost:44340/media/1461/small-wn.jpg?width=62&height=36
8,https://localhost:44340/working-at-tpr/newsroom/news-and-events/keeping-connected-it-tips-tricks-sticky-notes-maximising-your-laptops-battery-and-a-guide-to-zip-files/
8,https://localhost:44340/working-at-tpr/newsroom/news-and-events/couldn-t-make-last-week-s-ssra-demo-session-you-can-watch-it-here/
8,https://localhost:44340/working-at-tpr/newsroom/news-and-events/we-re-conducting-a-review-of-the-employee-forum-and-we-need-your-help/
8,https://localhost:44340/working-at-tpr/newsroom/news-and-events/raise-your-awareness-of-diversity-and-inclusion-familiarise-yourself-with-our-policies-and-take-the-mandatory-elearning-course/
8,https://localhost:44340/teams/frontline-regulation/regulatory-transactions-operations/rtt/scheme-return-breach-enquiry-set-up-and-closure-riskpowers-process-guidance/
8,https://localhost:44340/media/8928/breach-e2e-05.png
8,https://localhost:44340/working-at-tpr/newsroom/alerts/the-government-has-announced-today-that-schools-will-close-from-the-end-of-this-week-our-policies-have-been-updated-accordingly/
8,https://localhost:44340/media/8920/breach-e2e-02.png
8,https://localhost:44340/working-at-tpr/newsroom/news-and-events/the-job-re-evaluation-process-has-been-completed/
8,https://localhost:44340/working-at-tpr/newsroom/news-and-events/exco-update-24/
8,https://localhost:44340/media/7796/mailhouse.jpg?width=603&height=452&mode=max
8,https://localhost:44340/teams/frontline-regulation/regulatory-transactions-operations/rtt/scheme-return-breach-internal-policy-detailed-guidance/
8,https://localhost:44340/media/1345/small-awards-4.jpg
8,https://localhost:44340/working-at-tpr/newsroom/news-and-events/introducing-tpr-s-new-starter-booklet/
8,https://localhost:44340/working-at-tpr/newsroom/news-and-events/our-role-in-addressing-the-findings-of-the-cma-investment-consultants-market-investigation/
8,https://localhost:44340/working-at-tpr/newsroom/news-and-events/congratulations-to-the-london2brighton-walkers/
8,https://localhost:44340/media/8315/srb-03.png
8,https://localhost:44340/working-at-tpr/newsroom/news-and-events/interested-in-being-the-next-chair-of-the-me-network/
8,https://localhost:44340/media/2111/totw-171120127.jpg?width=708&height=194
8,https://localhost:44340/working-at-tpr/newsroom/news-and-events/we-ve-been-nominated-for-an-award-for-our-scam-smart-campaign/
8,https://localhost:44340/working-at-tpr/newsroom/news-and-events/our-new-sickness-absence-policy/
8,https://localhost:44340/working-at-tpr/newsroom/news-and-events/sharepoint-and-the-d365-crm-are-now-live/
8,https://localhost:44340/working-at-tpr/newsroom/news-and-events/need-help-using-our-trips-travel-booking-tool-pop-into-our-drop-in-training-session-this-thursday-11-july/
8,https://localhost:44340/working-at-tpr/newsroom/news-and-events/flr-and-rpaa-make-sure-you-re-ready-for-12-month-email-deletion-from-2-december/
8,https://localhost:44340/media/2546/val3.png
8,https://localhost:44340/working-at-tpr/newsroom/news-and-events/disability-network-launch-day/
8,https://localhost:44340/working-at-tpr/newsroom/news-and-events/last-chance-to-complete-this-year-s-mytpr-survey-before-it-closes-on-friday/
8,https://localhost:44340/working-at-tpr/newsroom/news-and-events/important-information-steps-you-must-take-before-attending-your-windows-10-handover-session/
8,https://localhost:44340/media/1657/proud-intranet.jpg?width=660&height=132
8,https://localhost:44340/media/9316/tea-and-talk-with-the-neds-master-atlas-featured-image-mar-2023.jpg
8,https://localhost:44340/working-at-tpr/newsroom/news-and-events/an-update-on-the-soft-phones-issues/
8,https://localhost:44340/media/8929/breach-e2e-06.png
8,https://localhost:44340/working-at-tpr/newsroom/news-and-events/we-re-currently-looking-into-the-problems-that-many-of-you-are-experiencing-with-some-of-our-printers/
8,https://localhost:44340/working-at-tpr/newsroom/news-and-events/earth-day-2021-change-starts-with-you/
8,https://localhost:44340/working-at-tpr/newsroom/news-and-events/a-message-from-charles-there-has-been-an-internal-control-failure-regarding-some-of-our-personal-information-everyone-affected-by-this-has-already-been-made-aware/
8,https://localhost:44340/media/7117/downloads-block-1.png?width=500&height=283.9403973509934
8,https://localhost:44340/teams/frontline-regulation/regulatory-transactions-operations/rt-and-fls-stars/
8,https://localhost:44340/working-at-tpr/newsroom/news-and-events/horizon-your-weekly-roundup-of-media-government-and-stakeholder-activity-191018/
8,https://localhost:44340/media/7064/error-message.jpg
8,https://localhost:44340/media/9116/srb-04.png
8,https://localhost:44340/working-at-tpr/newsroom/news-and-events/climate-change-financial-risks-and-opportunities/
8,https://localhost:44340/media/8858/picture1.jpg
8,https://localhost:44340/media/2557/trish3.png
8,https://localhost:44340/working-at-tpr/newsroom/news-and-events/are-you-aware-of-your-election-responsibilities/
8,https://localhost:44340/working-at-tpr/newsroom/news-and-events/horizon-your-weekly-roundup-of-media-government-and-stakeholder-activity-17012020/
8,https://localhost:44340/working-at-tpr/newsroom/news-and-events/meet-your-new-time-to-change-champions/
8,https://localhost:44340/working-at-tpr/newsroom/news-and-events/tpr-pride-week-programme-2019-get-involved-and-help-us-celebrate/
8,https://localhost:44340/working-at-tpr/people/employment-policies/flexible-working/
8,https://localhost:44340/working-at-tpr/newsroom/news-and-events/free-drinks/
8,https://localhost:44340/working-at-tpr/newsroom/news-and-events/single-code-dial-in-session-friday-27-march/
8,https://localhost:44340/media/1342/tweet-of-the-week-20-jan-17-72dpi.jpg
8,https://localhost:44340/working-at-tpr/newsroom/news-and-events/looking-after-your-wellbeing-isn-t-just-for-january/
8,"https://localhost:44340/umbraco/The%20UK%20pensions%20regulator%20should%20change%20its%20approach%20to%20ensuring%20good%20pension%20fund%20governance%20from%20one%20focussed%20on%20processes%20to%20people,%20according%20to%20the%20country%E2%80%99s%20pensions%20trade%20body."
8,https://localhost:44340/how-do-i/sharepoint/sharepoint-news-july-2021/
8,https://localhost:44340/working-at-tpr/newsroom/news-and-events/would-you-like-to-attend-a-royal-garden-party-on-behalf-of-tpr-1/
8,https://localhost:44340/working-at-tpr/newsroom/news-and-events/if-you-have-questions-about-the-db-funding-landscape-then-the-orange-book-may-have-your-answers/
8,https://localhost:44340/working-at-tpr/newsroom/news-and-events/additional-flexi-leave-credit-for-you-to-attend-your-team-christmas-lunch/
8,https://localhost:44340/working-at-tpr/newsroom/news-and-events/internship-opportunities-at-tpr/
8,https://localhost:44340/media/1657/proud-intranet.jpg?width=755&height=151
8,https://localhost:44340/working-at-tpr/newsroom/news-and-events/horizon-your-weekly-roundup-of-media-government-and-stakeholder-activity-140220/
8,https://localhost:44340/teams/frontline-regulation/regulatory-transactions-operations/rtt/scheme-return-breach-enquiry-set-up-quick-guide/
8,https://localhost:44340/working-at-tpr/newsroom/news-and-events/things-to-consider-if-you-re-involved-in-managing-change-however-big-or-small/
8,https://localhost:44340/working-at-tpr/newsroom/news-and-events/celebrate-international-womens-day-in-brighton-this-weekend/
8,https://localhost:44340/working-at-tpr/newsroom/news-and-events/urgent-covid-19-update/
8,https://localhost:44340/media/1751/pride4small.jpg?width=355&height=366
8,https://localhost:44340/working-at-tpr/newsroom/news-and-events/ask-exco-anything/
8,https://localhost:44340/working-at-tpr/newsroom/news-and-events/autumn-conference-season-begins/
8,https://localhost:44340/media/7762/snip.jpg
8,https://localhost:44340/media/8316/aaron-powell.jpg
8,https://localhost:44340/working-at-tpr/newsroom/news-and-events/the-value-of-values/
8,https://localhost:44340/media/1986/coffee-roulette-wheel-small.jpg?width=500&height=250
8,https://localhost:44340/media/7677/accommodation-roadmap-july-2021.jpg?width=858&height=608&mode=max
8,https://localhost:44340/working-at-tpr/newsroom/news-and-events/horizon-your-weekly-roundup-of-media-government-and-stakeholder-activity-050419/
8,https://localhost:44340/media/6167/srd2.jpg
8,https://localhost:44340/media/1267/tweet-of-the-week-9-dec-16-72dpi.jpg
8,https://localhost:44340/working-at-tpr/newsroom/news-and-events/keeping-connected-it-update-ms-home-use-program/
8,https://localhost:44340/working-at-tpr/newsroom/news-and-events/booking-open-rescheduled-conference-season-event-flexible-working-options/
8,https://localhost:44340/media/5596/rpc02.png
8,https://localhost:44340/working-at-tpr/newsroom/news-and-events/thank-you-to-everyone-who-took-part-in-mytpr-2019/
9,https://localhost:44340/working-at-tpr/newsroom/news-and-events/horizon-your-weekly-roundup-of-media-government-and-stakeholder-activity-090218/
9,https://localhost:44340/working-at-tpr/newsroom/news-and-events/book-your-place-on-the-using-styles-in-ms-word-training-course/
9,https://localhost:44340/working-at-tpr/people/nominate-a-tpr-star/
9,https://localhost:44340/working-at-tpr/newsroom/news-and-events/have-you-explored-our-new-learning-hub-find-out-how-to-log-and-what-to-explore/
9,https://localhost:44340/media/7635/winter-windows-2021-3-dec-pub-quiz-closed.jpg
9,https://localhost:44340/teams/frontline-regulation/regulatory-transactions-operations/rtt/how-to-identify-whether-a-scheme-has-completed-its-scheme-return/
9,https://localhost:44340/working-at-tpr/newsroom/news-and-events/horizon-your-weekly-roundup-of-media-government-and-stakeholder-activity-1/
9,https://localhost:44340/media/1848/seafront.jpg?width=603&height=452
9,https://localhost:44340/working-at-tpr/newsroom/news-and-events/the-winner-of-the-royal-garden-party-ballot-1/
9,https://localhost:44340/media/6758/section-2.jpg?width=350;height=233
9,https://localhost:44340/working-at-tpr/newsroom/news-and-events/the-email-migration-to-the-cloud-has-been-postponed/
9,https://localhost:44340/working-at-tpr/newsroom/news-and-events/july-s-coffee-roulette-challenge-round/
9,https://localhost:44340/media/1959/evaluation.jpg?width=748&height=172
9,https://localhost:44340/media/6097/winter-windows-open-window-10-dec.jpg
9,https://localhost:44340/media/1998/lttfc.png?width=500&height=352.37388724035605
9,https://localhost:44340/working-at-tpr/newsroom/news-and-events/behind-the-scenes-at-the-recent-team-conference/
9,https://localhost:44340/working-at-tpr/newsroom/news-and-events/horizon-your-weekly-roundup-of-media-government-and-stakeholder-activity-14082017/
9,https://localhost:44340/working-at-tpr/newsroom/news-and-events/winter-windows-whats-behind-todays-window-22-december/
9,https://localhost:44340/working-at-tpr/newsroom/news-and-events/10-to-1-with-charles-may-2021/
9,https://localhost:44340/media/7991/graham-farrington-image-roundel-for-email-template.jpg?width=200&height=200
9,https://localhost:44340/working-at-tpr/newsroom/news-and-events/our-current-wave-of-ae-advertising-is-live/
9,https://localhost:44340/working-at-tpr/newsroom/news-and-events/our-new-central-stationery-store/
9,https://localhost:44340/working-at-tpr/newsroom/news-and-events/horizon-your-weekly-round-up-of-media-government-and-stakeholder-activity-23022018/
9,https://localhost:44340/working-at-tpr/newsroom/news-and-events/our-payroll-process-is-changing-our-new-service-people-and-pay-launches-at-the-end-of-the-month/
9,https://localhost:44340/working-at-tpr/newsroom/news-and-events/the-new-simplified-annual-benefit-statement/
9,https://localhost:44340/working-at-tpr/newsroom/news-and-events/we-haven-t-forgotten-we-re-working-on-opening-up-bookings-for-more-of-you-to-work-from-napier-house-from-monday-19-july/
9,https://localhost:44340/working-at-tpr/newsroom/news-and-events/managing-the-menopause-in-the-workplace-monday-13-february/
9,https://localhost:44340/working-at-tpr/newsroom/news-and-events/horizon-your-weekly-roundup-of-media-government-and-stakeholder-activity-23062017/
9,https://localhost:44340/working-at-tpr/newsroom/news-and-events/horizon-your-weekly-round-up-of-media-government-and-stakeholder-activity-21042017/
9,https://localhost:44340/working-at-tpr/newsroom/news-and-events/its-time-for-our-september-round-of-coffee-roulette/
9,https://localhost:44340/working-at-tpr/newsroom/news-and-events/winter-windows-whats-behind-todays-window-15-december/
9,https://localhost:44340/media/1673/telephony-web-banner-june-2017-big.jpg
9,https://localhost:44340/working-at-tpr/newsroom/news-and-events/everything-you-need-to-know-about-the-staff-conference-and-christmas-party/
9,https://localhost:44340/working-at-tpr/newsroom/news-and-events/tpr-and-brexit-an-interview-with-fiona-frobisher/
9,https://localhost:44340/working-at-tpr/newsroom/news-and-events/be-smart-be-mobile-whats-coming-up/
9,https://localhost:44340/working-at-tpr/newsroom/news-and-events/introducing-boundless-our-new-staff-discount-head-down-to-bread-and-milk-on-wednesday-and-thursday-to-talk-to-the-team/
9,https://localhost:44340/media/7996/aet-reflections-one-year-on-atlas-featured-image-may-2022-v2.jpg?width=791&height=402&mode=max
9,https://localhost:44340/working-at-tpr/newsroom/news-and-events/a-message-from-helen-aston-bcp-triggers-revisited-in-light-of-covid-19/
9,https://localhost:44340/media/1842/fig-cake-small.jpg?width=226&height=213
9,https://localhost:44340/working-at-tpr/newsroom/news-and-events/proud-our-lgbtplus-network-is-re-launching-come-along-on-7-june-and-find-out-more/
9,https://localhost:44340/working-at-tpr/newsroom/news-and-events/the-2018-mentor-exchange-programme-is-open-for-applications-from-1-november/
9,https://localhost:44340/media/6772/promobanner7.jpg?width=240;height=212
9,https://localhost:44340/working-at-tpr/newsroom/news-and-events/re-launch-of-our-scamsmart-campaign/
9,https://localhost:44340/working-at-tpr/newsroom/news-and-events/your-new-soft-phones-are-coming-soon/
9,https://localhost:44340/teams/finance-and-operations/technology-and-change-services/soft-phones/
9,https://localhost:44340/working-at-tpr/winter-windows-2020/winter-window-9-december-2020/
9,https://localhost:44340/working-at-tpr/newsroom/news-and-events/same-storm-different-boat-working-from-home-and-living-alone/
9,https://localhost:44340/working-at-tpr/newsroom/news-and-events/an-update-on-windows-10-and-a-plea-to-get-in-touch-if-your-current-laptop-is-damaged/
9,https://localhost:44340/working-at-tpr/newsroom/news-and-events/everything-you-need-to-know-about-our-new-approach-to-managing-emails-and-documents/
9,https://localhost:44340/working-at-tpr/newsroom/news-and-events/horizon-your-weekly-roundup-of-media-government-and-stakeholder-activity-05102018/
9,https://localhost:44340/working-at-tpr/newsroom/news-and-events/thank-you-to-everyone-who-took-part-in-national-inclusion-week/
9,https://localhost:44340/media/5988/tpr-stars-2020-atlas-featured-image-final.jpg
9,https://localhost:44340/working-at-tpr/newsroom/news-and-events/horizon-your-weekly-roundup-of-media-government-and-stakeholder-activity-31012020/
9,https://localhost:44340/working-at-tpr/newsroom/news-and-events/our-new-ae-campaign-launched-yesterday/
9,https://localhost:44340/media/1344/kateplusfirstpluspalaceplusgardenpluspartyplusnxdrp8x5gzex.jpg?width=546&height=382
9,https://localhost:44340/media/1958/news-article-image-rewards.jpg
9,https://localhost:44340/working-at-tpr/newsroom/news-and-events/horizon-your-weekly-roundup-of-media-government-and-stakeholder-activity-13042018/
9,https://localhost:44340/media/8050/community_voluntary_service-panel_poster.png?width=450&height=637&mode=max
9,https://localhost:44340/working-at-tpr/newsroom/news-and-events/a-message-from-mark-boyle-lesley-titcomb-has-been-recognised-in-the-queens-birthday-honours-for-her-services-to-pension-regulation/
9,https://localhost:44340/media/5655/infog-combined.jpg?width=753&height=143&mode=max
9,https://localhost:44340/working-at-tpr/newsroom/news-and-events/parties-have-now-published-their-election-manifestos-to-help-you-navigate-through-these-the-parliamentary-team-have-produced-a-summary/
9,https://localhost:44340/working-at-tpr/newsroom/news-and-events/revised-go-live-date-we-re-saying-goodbye-to-desk-phones-and-hello-to-headsets-on-monday-26-june/
9,https://localhost:44340/media/1424/raas-twitter.jpg
9,https://localhost:44340/media/1573/show-and-tell2.jpg
9,https://localhost:44340/working-at-tpr/newsroom/news-and-events/meeting-room-etiquette-and-touchdown-area-we-have-updated-our-guidelines/
9,https://localhost:44340/media/1657/proud-intranet.jpg?width=665&height=133
9,https://localhost:44340/working-at-tpr/newsroom/news-and-events/we-re-introducing-a-new-way-of-booking-train-tickets-make-sure-you-learn-how-to-use-the-new-system/
9,https://localhost:44340/media/1785/mark-gully-roadmap-july-2017-6-jpgsmall.jpg
9,https://localhost:44340/working-at-tpr/newsroom/news-and-events/save-the-date-this-years-staff-conference-is-on-7-december-2017/
9,https://localhost:44340/working-at-tpr/newsroom/news-and-events/do-you-want-to-know-more-about-agile-working-from-home/
9,https://localhost:44340/media/1901/mastertrusts-2.png?width=261&height=264
9,https://localhost:44340/media/7993/sarah-howitt-jones-roundel.jpg?width=200&height=200
9,https://localhost:44340/working-at-tpr/newsroom/news-and-events/training-strategy-in-tpr-focus-group-sessions-during-april/
9,https://localhost:44340/media/6151/winter-windows-open-window-24-dec.jpg
9,https://localhost:44340/media/6768/promobanner6.jpg?width=240;height=212
9,https://localhost:44340/working-at-tpr/newsroom/news-and-events/fancy-sitting-on-the-proud-network-s-committee-or-helping-out-with-pride/
9,https://localhost:44340/working-at-tpr/newsroom/news-and-events/book-your-place-on-the-intelligence-experience/
9,https://localhost:44340/media/1961/purple-pie.png?width=622&height=524
9,https://localhost:44340/teams/human-resources/etarmis-guidance/
9,https://localhost:44340/working-at-tpr/newsroom/news-and-events/are-you-familiar-with-our-staff-protection-policy/
9,https://localhost:44340/media/6764/promobanner3.jpg?width=240;height=212
9,https://localhost:44340/teams/corporate-services/facilities/health-and-safety/health-and-safety-policy/health-and-safety-policy-appendices/
9,https://localhost:44340/working-at-tpr/newsroom/news-and-events/horizon-your-weekly-roundup-of-media-government-and-stakeholder-activity-2/
9,https://localhost:44340/media/1313/logostonewall-2.png?width=0&height=0
9,https://localhost:44340/working-at-tpr/newsroom/news-and-events/one-to-one-supervision-takes-part-lincoln-in-pensions-training-session/
9,https://localhost:44340/media/1162/purple-tacs-logo-01-900.png?width=500&height=166.66666666666669
9,https://localhost:44340/media/1841/dsc_0252.jpg?width=245&height=163
9,https://localhost:44340/working-at-tpr/newsroom/news-and-events/why-pride-is-important-to-me/
9,https://localhost:44340/working-at-tpr/newsroom/news-and-events/horizon-your-weekly-roundup-of-media-government-and-stakeholder-activity-1112019/
9,https://localhost:44340/working-at-tpr/newsroom/news-and-events/new-laying-the-tracks-for-change-workshops-available-book-your-places-for-next-year/
9,https://localhost:44340/working-at-tpr/newsroom/news-and-events/an-update-on-the-windows-10-roll-out/
9,https://localhost:44340/teams/human-resources/reward-and-benefit/job-evaluation-and-reward-project/
9,https://localhost:44340/media/6081/winter-windows-closed-window-9-dec.jpg
9,https://localhost:44340/media/1488/soft-roadmap.jpg
9,https://localhost:44340/working-at-tpr/newsroom/news-and-events/update-on-the-job-evaluation-and-reward-project/
9,https://localhost:44340/media/1960/total-reward.jpg?width=678&height=515
9,https://localhost:44340/working-at-tpr/newsroom/news-and-events/travelling-to-the-staff-conference-venue-next-week-your-train-ticket-is-ready-for-collection/
9,https://localhost:44340/working-at-tpr/strategic-direction/projects-and-change-portal/windows-10-and-office-365-project/
9,https://localhost:44340/working-at-tpr/newsroom/news-and-events/an-update-on-tedd-downtime-for-scheduled-maintenance-to-resolve-the-known-issues/
9,https://localhost:44340/working-at-tpr/newsroom/news-and-events/horizon-your-weekly-roundup-of-media-government-and-stakeholder-activity-06102017/
9,https://localhost:44340/working-at-tpr/newsroom/news-and-events/new-guidance-for-kit-and-split-days-for-new-parents/
9,https://localhost:44340/working-at-tpr/newsroom/news-and-events/if-you-were-unable-to-attend-your-directorate-session-on-job-evaluation-and-reward-make-sure-you-come-along-to-a-mop-up-session/
9,https://localhost:44340/working-at-tpr/winter-windows-2020/winter-windows-hub/
9,https://localhost:44340/working-at-tpr/winter-windows-2020/winter-window-14-december-2020/
9,https://localhost:44340/working-at-tpr/newsroom/news-and-events/winter-windows-whats-behind-todays-window-8-december/
9,https://localhost:44340/working-at-tpr/newsroom/news-and-events/share-your-feedback-on-bread-milk-by-completing-our-brief-survey/
9,https://localhost:44340/working-at-tpr/newsroom/news-and-events/help-us-make-internal-comms-excellent/
9,https://localhost:44340/working-at-tpr/newsroom/news-and-events/dont-forget-to-tell-us-what-you-thought-about-conference-season-2016-and-the-christmas-party-survey-closes-this-week/
9,https://localhost:44340/working-at-tpr/newsroom/news-and-events/an-update-on-the-planned-fire-drill-on-tuesday-4-september/
9,https://localhost:44340/media/5892/superfunds.jpg?width=647&height=577&mode=max
9,https://localhost:44340/media/1271/capture-intra.jpg?width=546&height=185
9,https://localhost:44340/media/1843/img_2888.jpg
9,https://localhost:44340/working-at-tpr/newsroom/news-and-events/you-only-have-until-13-november-to-nominate-your-tpr-stars/
9,https://localhost:44340/media/7992/mel-charles-roundel-for-email-template.jpg?width=200&height=200
9,https://localhost:44340/media/6757/first-section.jpg?width=322;height=389
9,https://localhost:44340/working-at-tpr/newsroom/news-and-events/updates-to-it-service-portal-request-system/
9,https://localhost:44340/media/1321/keeping-info-secure-graphic-01.png?width=463&height=134
9,https://localhost:44340/working-at-tpr/newsroom/news-and-events/meet-caroline-lucas-on-22-march-with-the-women-s-network/
9,https://localhost:44340/working-at-tpr/newsroom/news-and-events/winter-windows-whats-behind-todays-window-6-december-2021/
9,https://localhost:44340/teams/frontline-regulation/case-management/sense-case-management/sponsoring-employer-distress-detailed-guidance/
9,https://localhost:44340/media/1313/logostonewall-2.png?width=300&height=249
9,https://localhost:44340/working-at-tpr/newsroom/news-and-events/ae-has-won-a-silver-award/
9,https://localhost:44340/working-at-tpr/newsroom/news-and-events/facilities-reminder-office-chairs-and-wfh-kits-available-for-delivery/
9,https://localhost:44340/working-at-tpr/winter-windows-2020/winter-window-21-december-2020/
9,https://localhost:44340/working-at-tpr/newsroom/news-and-events/a-walk-through-of-high-volume-directive-activity-hvda/
9,https://localhost:44340/media/1840/dsc_0247.jpg?width=196&height=142
9,https://localhost:44340/working-at-tpr/newsroom/news-and-events/job-evaluation-and-reward-training-and-support-for-people-managers-and-slt/
9,https://localhost:44340/working-at-tpr/newsroom/news-and-events/christmas-party-etiquette-1/
9,https://localhost:44340/media/6761/promobanner1.jpg?width=240;height=212
9,https://localhost:44340/working-at-tpr/newsroom/news-and-events/supporting-colleagues-through-menopause/
9,https://localhost:44340/working-at-tpr/newsroom/news-and-events/your-invitation-to-the-next-inside-track-featuring-the-ssra-programme/
9,https://localhost:44340/working-at-tpr/newsroom/news-and-events/exco-daily-update-12/
9,https://localhost:44340/working-at-tpr/newsroom/news-and-events/next-thursday-is-national-time-to-talk-day-come-along-to-the-learning-resource-centre-and-meet-your-time-to-change-champions-in-person/
9,https://localhost:44340/media/1840/dsc_0247.jpg?width=0&height=0
9,https://localhost:44340/working-at-tpr/newsroom/news-and-events/exco-update-23/
9,https://localhost:44340/working-at-tpr/newsroom/news-and-events/horizon-your-weekly-round-up-of-media-government-and-stakeholder-activity-3/
9,https://localhost:44340/working-at-tpr/newsroom/news-and-events/are-you-a-member-of-a-professional-body-complete-our-cpd-survey/
9,https://localhost:44340/working-at-tpr/newsroom/news-and-events/please-return-overdue-books-as-we-are-updating-our-library-system/
9,https://localhost:44340/working-at-tpr/newsroom/news-and-events/latest-update-from-tpr-future-programme-director-darran-burton-2/
9,https://localhost:44340/media/1357/capture-ride2work.jpg?width=352.87958115183244&height=500
9,https://localhost:44340/media/5923/master-atlas-featured-image-coffee-with-the-chairman.jpg?width=793&height=403&mode=max
9,https://localhost:44340/media/1757/tweet-of-the-week-14-july-2017.jpg?width=727&height=192
9,https://localhost:44340/teams/human-resources/recruitment/internships/
9,https://localhost:44340/media/5654/mobile-800x250.png?width=750;height=234&mode=max
9,https://localhost:44340/working-at-tpr/newsroom/news-and-events/horizon-your-weekly-roundup-of-media-government-and-stakeholder-activity-15062018/
9,https://localhost:44340/media/6396/schools-back.jpg?width=0&height=0
9,https://localhost:44340/media/6767/promobanner5.jpg?width=2240;height=212
9,https://localhost:44340/working-at-tpr/newsroom/news-and-events/five-minutes-with-the-women-s-network-co-chairs/
9,https://localhost:44340/working-at-tpr/newsroom/news-and-events/calling-all-cyclists-we-re-holding-a-travel-clinic-with-bhcc-and-love2ride-and-a-surgery-with-dr-bike/
9,https://localhost:44340/media/8053/who_wins_an_award_poster.png?width=450&height=637&mode=max
9,https://localhost:44340/media/6010/spotlight-in-conversation-with-david-fairs-atlas-featured-image-nov-2020.jpg?width=775&height=394&mode=max
9,https://localhost:44340/media/7990/anit-chatrath-roundel.jpg?width=200&height=200
9,https://localhost:44340/working-at-tpr/newsroom/news-and-events/horizon-your-weekly-roundup-of-media-government-and-stakeholder-activity-18052018/
9,https://localhost:44340/media/7994/victoria-clowes-roundel.jpg?width=200&height=200
9,https://localhost:44340/working-at-tpr/newsroom/news-and-events/time-to-change-champions-are-here-for-you/
9,https://localhost:44340/working-at-tpr/newsroom/news-and-events/an-update-on-the-three-month-email-deletion-delay/
9,https://localhost:44340/working-at-tpr/newsroom/news-and-events/recruitment-week-starts-next-monday-2-october-find-out-more-about-the-sessions-and-how-to-book-your-place/
9,https://localhost:44340/media/6762/promobanner2.jpg?width=240;height=212
9,https://localhost:44340/working-at-tpr/newsroom/news-and-events/do-you-know-someone-who-could-be-a-tpr-202021-intern/
9,https://localhost:44340/working-at-tpr/newsroom/news-and-events/new-job-title-etiquette/
9,https://localhost:44340/working-at-tpr/newsroom/news-and-events/introducing-our-brand-new-employee-benefit-easit-travel-discounts/
9,https://localhost:44340/working-at-tpr/newsroom/news-and-events/wear-it-ink-the-movers-and-shakers/
9,https://localhost:44340/working-at-tpr/newsroom/news-and-events/wellbeing-at-tpr-natalie-swallow-shares-the-survey-results/
9,https://localhost:44340/working-at-tpr/newsroom/news-and-events/exco-daily-update-6/
9,https://localhost:44340/working-at-tpr/newsroom/news-and-events/horizon-your-weekly-roundup-of-media-government-and-stakeholder-activity-161118/
9,https://localhost:44340/working-at-tpr/newsroom/news-and-events/all-regular-conference-call-users-should-now-have-received-their-new-login-details/
9,https://localhost:44340/working-at-tpr/newsroom/news-and-events/how-to-minimise-the-threat-of-a-malware-attack/
9,https://localhost:44340/media/6051/exco-for-atlas-nov-2020-002.jpg
9,https://localhost:44340/teams/communications/newsroom/news-and-events/useful-information-about-christmas-lunches-pay-flexi-and-annual-leave/
9,https://localhost:44340/working-at-tpr/newsroom/news-and-events/ae-reaches-the-10-million-employees-milestone/
9,https://localhost:44340/teams/human-resources/reward-and-benefit/ride-to-work-programme/
9,https://localhost:44340/working-at-tpr/newsroom/news-and-events/the-womens-network-have-rescheduled-catharine-seddons-visit-dont-forget-to-book-your-place/
9,https://localhost:44340/how-do-i/use-disc-to-save-and-manage-documents/our-new-document-management-system-tedd/
9,https://localhost:44340/media/7668/winter-windows-2021-22-dec-wellbeing-and-mental-health-open.jpg
9,https://localhost:44340/working-at-tpr/newsroom/news-and-events/charles-internal-blog-reflections-on-my-first-week/
9,https://localhost:44340/working-at-tpr/newsroom/news-and-events/what-to-do-if-you-have-a-season-ticket-or-parking-loan-from-tpr/
9,https://localhost:44340/media/6112/winter-windows-closed-window-14-dec.jpg
9,https://localhost:44340/working-at-tpr/newsroom/news-and-events/gdpr-comes-into-force-from-friday-view-the-timeline-here/
9,https://localhost:44340/media/6396/schools-back.jpg?width=752&height=382&mode=max
9,https://localhost:44340/media/6060/winter-windows-atlas-featured-image-open-window-2-dec-002.jpg
9,https://localhost:44340/media/2060/tweet-of-the-week-2-nov-2017-2.jpg
9,https://localhost:44340/working-at-tpr/winter-windows-2020/winter-window-23-december-2020/
9,https://localhost:44340/working-at-tpr/newsroom/news-and-events/new-pay-bands-for-202021/
9,https://localhost:44340/working-at-tpr/newsroom/news-and-events/its-time-for-our-june-round-of-coffee-roulette/
9,https://localhost:44340/working-at-tpr/newsroom/news-and-events/performance-related-pay-and-bonus/
9,https://localhost:44340/working-at-tpr/newsroom/news-and-events/winter-windows-whats-behind-todays-window-18-december/
9,https://localhost:44340/media/1962/key-dates-jear.jpg?width=1103&height=529
9,https://localhost:44340/working-at-tpr/newsroom/news-and-events/a-round-up-of-the-24-november-exco-from-liz-hickey/
9,https://localhost:44340/media/8052/special_guest_panel.png?width=450&height=637&mode=max
9,https://localhost:44340/working-at-tpr/newsroom/news-and-events/winter-windows-whats-behind-todays-window-21-december-2021/
9,https://localhost:44340/working-at-tpr/newsroom/news-and-events/from-next-tuesday-you-can-access-learning-hub-without-your-password/
9,https://localhost:44340/media/8051/intro_to_honours_system_poster.png?width=450&height=637&mode=max
9,https://localhost:44340/working-at-tpr/newsroom/news-and-events/its-time-for-our-april-round-of-coffee-roulette/
9,https://localhost:44340/working-at-tpr/newsroom/news-and-events/project-prioritisation-portfolio-oversight-board-covid-19-crisis-adaptations/
9,https://localhost:44340/working-at-tpr/newsroom/news-and-events/here-s-our-new-brand-toolkit-to-help-you-implement-the-new-brand-from-1-november/
9,https://localhost:44340/working-at-tpr/newsroom/news-and-events/windows-10-and-office-365-are-coming-soon-your-champions-are-here-to-support-you/
9,https://localhost:44340/working-at-tpr/newsroom/news-and-events/horizon-your-weekly-roundup-of-media-government-and-stakeholder-activity-12072019/
9,https://localhost:44340/%7BlocalLink:umb:/document/5ef7428bd0924183b5571156eb806a92%7D
